<?xml version="1.0" encoding="UTF-8"?>
<!DOCTYPE hibernate-mapping PUBLIC "-//Hibernate/Hibernate Mapping DTD 3.0//EN" "http://hibernate.sourceforge.net/hibernate-mapping-3.0.dtd" >
<hibernate-mapping>
    <class name="com.telepacific.merrt.feedmanager.notification.DataFeedNotification" table="TBL_DATA_FEED_NOTIFICATION">
        <id name="dataFeedNotificationID" column="DATA_FEED_NOTIFICATION_ID" type="java.lang.Integer">
            <generator class="increment"/>
        </id>
        <property name="dataFeedID" column="DATA_FEED_ID" type="java.lang.Integer"/>
        <property name="dateLastFileReceived" column="DATE_LAST_FILE_RECEIVED" type="java.util.Date"/>
        <property name="dateLatestUsage" column="DATE_LATEST_USAGE" type="java.util.Date"/>
        <property name="email" column="EMAIL" type="java.lang.String"/>
        <property name="lastFileName" column="LAST_FILE_NAME" type="java.lang.String"/>
        <property name="thresholdMinutes" column="THRESHOLD_MINUTES" type="java.lang.Long"/>
        <property name="status" column="STATUS" type="java.lang.Integer"/>
        <property name="queued" column="QUEUED" type="java.lang.Long"/>
        <property name="dateLastFileCompleted" column="DATE_LAST_FILE_COMPLETED" type="java.util.Date"/>
</class>
</hibernate-mapping>
