<?xml version="1.0" encoding="UTF-8"?>
<!DOCTYPE hibernate-mapping PUBLIC "-//Hibernate/Hibernate Mapping DTD 3.0//EN" "http://hibernate.sourceforge.net/hibernate-mapping-3.0.dtd" >
<hibernate-mapping>
    <class name="com.telepacific.merrt.feedmanager.datafeed.DataFeed" table="TBL_DATA_FEED">
        <id name="dataFeedID" column="DATA_FEED_ID" type="java.lang.Integer">
            <generator class="increment"/>
        </id>
        <property name="dataFeedName" column="DATA_FEED_NAME" type="java.lang.String"/>
        <property name="displayName" column="DISPLAY_NAME" type="java.lang.String"/>
        <property name="dataTypeID" column="DATA_TYPE_ID" type="java.lang.Integer"/>
        <property name="path" column="PATH" type="java.lang.String"/>
        <property name="databaseName" column="DATABASE_NAME" type="java.lang.String"/>
        <property name="tableName" column="TABLE_NAME" type="java.lang.String"/>
        <property name="fileMask" column="FILE_MASK" type="java.lang.String"/>
        <property name="tableExpire" column="TABLE_EXPIRE" type="java.lang.Integer"/>
        <property name="processTypeID" column="PROCESS_TYPE_ID" type="java.lang.Integer"/>
        <property name="continuous" column="CONTINUOUS" type="java.lang.Boolean"/>
        <property name="region" column="REGION" type="java.lang.String"/>
        <property name="enabled" column="ENABLED" type="java.lang.Boolean"/>
        <property name="sourceTypeID" column="SOURCE_TYPE_ID" type="java.lang.Integer"/>
        <property name="inputJDBC" column="INPUT_JDBC" type="java.lang.String"/>
        <property name="inputDbDriver" column="INPUT_DB_DRIVER" type="java.lang.String"/>
        <property name="inputTable" column="INPUT_TABLE" type="java.lang.String"/>
        <property name="pollInterval" column="POLL_INTERVAL" type="java.lang.Integer"/>
        <property name="inputTableWhere" column="INPUT_TABLE_WHERE" type="java.lang.String"/>
        <property name="dateLastPoll" column="DATE_LAST_POLL" type="java.util.Date"/>
        <property name="lastPollObj" column="LAST_POLL_OBJ" type="java.lang.String"/>
        <property name="lastPollIndex" column="LAST_POLL_INDEX" type="java.lang.Long"/>
              

    </class>
</hibernate-mapping>
