<?xml version="1.0" encoding="UTF-8"?>
<!DOCTYPE hibernate-mapping PUBLIC "-//Hibernate/Hibernate Mapping DTD 3.0//EN" "http://hibernate.sourceforge.net/hibernate-mapping-3.0.dtd" >
<hibernate-mapping>
    <class name="com.telepacific.merrt.feedmanager.datatype.DataType" table="TBL_DATA_TYPE">
        <id name="dataTypeID" column="DATA_TYPE_ID" type="java.lang.Integer">
            <generator class="increment"/>
        </id>
        <property name="dataTypeName" column="DATA_TYPE_NAME" type="java.lang.String"/>
        <property name="headerLength" column="HEADER_LENGTH" type="java.lang.Integer"/>
        <property name="trailerLength" column="TRAILER_LENGTH" type="java.lang.Integer"/>
        <property name="fixedRecordLength" column="FIXED_RECORD_LENGTH" type="java.lang.Integer"/>
        <property name="keyStart" column="KEY_START" type="java.lang.Integer"/>
        <property name="keyLength" column="KEY_LENGTH" type="java.lang.Integer"/>
        <property name="modKeyStart" column="MOD_KEY_START" type="java.lang.Integer"/>
        <property name="modKeyLength" column="MOD_KEY_LENGTH" type="java.lang.Integer"/>
        <property name="bcd" column="BCD" type="java.lang.Boolean"/>
        <property name="multiline" column="MULTILINE" type="java.lang.Boolean"/>
        <property name="yyyyStart" column="YYYY_START" type="java.lang.Integer"/>
        <property name="yyyyLength" column="YYYY_LENGTH" type="java.lang.Integer"/>
        <property name="yyyyIncrement" column="YYYY_INC" type="java.lang.Integer"/>
        <property name="mmStart" column="MM_START" type="java.lang.Integer"/>
        <property name="mmLength" column="MM_LENGTH" type="java.lang.Integer"/>
        <property name="ddStart" column="DD_START" type="java.lang.Integer"/>
        <property name="ddLength" column="DD_LENGTH" type="java.lang.Integer"/>
        <property name="hhStart" column="HH_START" type="java.lang.Integer"/>
        <property name="hhLength" column="HH_LENGTH" type="java.lang.Integer"/>
        <property name="miStart" column="MI_START" type="java.lang.Integer"/>
        <property name="miLength" column="MI_LENGTH" type="java.lang.Integer"/>
        <property name="ssStart" column="SS_START" type="java.lang.Integer"/>
        <property name="ssLength" column="SS_LENGTH" type="java.lang.Integer"/>
        <property name="mlStart" column="ML_START" type="java.lang.Integer"/>
        <property name="mlLength" column="ML_LENGTH" type="java.lang.Integer"/>
        <property name="durationTypeID" column="DURATION_TYPE_ID" type="java.lang.Integer"/>
        <property name="durMiStart" column="DUR_MI_START" type="java.lang.Integer"/>
        <property name="durMiLength" column="DUR_MI_LENGTH" type="java.lang.Integer"/>
        <property name="durSsStart" column="DUR_SS_START" type="java.lang.Integer"/>
        <property name="durSsLength" column="DUR_SS_LENGTH" type="java.lang.Integer"/>
        <property name="durMlStart" column="DUR_ML_START" type="java.lang.Integer"/>
        <property name="durMlLength" column="DUR_ML_LENGTH" type="java.lang.Integer"/>

    </class>
</hibernate-mapping>
