<?xml version="1.0" encoding="UTF-8"?>
<!DOCTYPE hibernate-mapping PUBLIC "-//Hibernate/Hibernate Mapping DTD 3.0//EN" "http://hibernate.sourceforge.net/hibernate-mapping-3.0.dtd" >
<hibernate-mapping>
    <class name="com.telepacific.merrt.feedmanager.datafile.DataFilesStatus" table="tbl_FEED_FILES_STATUS">
        <id name="filesReceviedID" column="FILES_RECEIVED_ID" type="java.lang.Integer">
            <generator class="native"/>
        </id>
                
        <property name="feedID" column="FEED_ID" type="java.lang.Integer"/>
        <property name="feedFileName" column="FILE_NAME" type="java.lang.String"/>
		<property name="status" column="STATUS" type="java.lang.String"/>
		<property name="recordCount" column="RECORDS_COUNT" type="java.lang.Integer"/>
		<property name="errorRecordId" column="ERRORCODE_ID" type="java.lang.String"/>	
    </class>
</hibernate-mapping>
