<?xml version='1.0' encoding='UTF-8'?>
<!DOCTYPE hibernate-configuration PUBLIC "-//Hibernate/Hibernate Configuration DTD 3.0//EN" "http://hibernate.sourceforge.net/hibernate-configuration-3.0.dtd">
<hibernate-configuration>
<session-factory>
<property name="hibernate.connection.url">jdbc:sqlserver://ca-irv-sql02qa;DatabaseName=ucore;SelectMethod=cursor</property>
<property name="hibernate.connection.username">ucore</property>
<property name="hibernate.connection.driver_class">com.microsoft.sqlserver.jdbc.SQLServerDriver</property>
<property name="dialect">org.hibernate.dialect.SQLServerDialect</property>
<property name="hibernate.connection.password">ucore</property>
<property name="transaction.factory_class">org.hibernate.transaction.JDBCTransactionFactory</property>
<property name="hibernate.connection.pool_size">10</property>

<property name="current_session_context_class">thread</property>
<!-- this will show us all sql statements -->
<property name="hibernate.show_sql">false</property>

<!-- mapping files -->
    <mapping resource="DataType.hbm.xml"/>
    <mapping resource="DataFeedNotification.hbm.xml"/>
    <mapping resource="FeedFileStatus.hbm.xml"/>
    <mapping resource="MERRT_Log.hbm.xml"/>
    <mapping resource="MFMConfig.hbm.xml"/>
    <mapping resource="MFMStatus.hbm.xml"/>
    <mapping resource="MFM_Feed_Mapping.hbm.xml"/>
    <mapping resource="MFMFeedHandlerStatus.hbm.xml"/>
    <mapping resource="Record.hbm.xml"/>
    <mapping resource="RecordField.hbm.xml"/>
    <mapping resource="DataFeed.hbm.xml"/>
    <mapping resource="Query.hbm.xml"/>
    <mapping resource="QueryDataFeed.hbm.xml"/>
    <!--   mapping resource="TableIndex.hbm.xml"/ -->
</session-factory>
</hibernate-configuration>

