<?xml version="1.0" encoding="UTF-8"?>
<!DOCTYPE hibernate-mapping PUBLIC "-//Hibernate/Hibernate Mapping DTD 3.0//EN" "http://hibernate.sourceforge.net/hibernate-mapping-3.0.dtd" >
<hibernate-mapping>
    <class name="com.telepacific.merrt.config.MERRTLog" table="tbl_log">
        <id name="logID" column="LOG_ID" type="java.lang.Integer">
         <generator class="native"/>
        </id>       
        <property name="moduleID" column="MODULE_ID" type="java.lang.Integer"/>
		<property name="moduleLocation" column="MODULE_LOCATION" type="java.lang.String"/>
		<property name="errorCodeID" column="ERRORCODE_ID" type="java.lang.String"/>
    </class>
</hibernate-mapping>