<?xml version="1.0" encoding="UTF-8"?>
<!DOCTYPE hibernate-mapping PUBLIC "-//Hibernate/Hibernate Mapping DTD 3.0//EN" "http://hibernate.sourceforge.net/hibernate-mapping-3.0.dtd" >
<hibernate-mapping>
    <class name="com.telepacific.merrt.config.MFMConfig" table="tbl_MFM_Config">
        <id name="MFMId" column="MFM_Id" type="java.lang.Integer">
            <generator class="increment"/>
        </id>
                
        <property name="MFMName" column="MFM_NAME" type="java.lang.String"/>
        <property name="serverIPAddress" column="Server_IPAddress" type="java.lang.String"/>
		<property name="JMXPort" column="JMX_PORT" type="java.lang.Integer"/>
		<property name="isMFMEnable" column="Is_MFM_enable" type="java.lang.Boolean"/>	
    </class>
</hibernate-mapping>
