<?xml version="1.0" encoding="UTF-8"?>
<!DOCTYPE hibernate-mapping PUBLIC "-//Hibernate/Hibernate Mapping DTD 3.0//EN" "http://hibernate.sourceforge.net/hibernate-mapping-3.0.dtd" >
<hibernate-mapping>
    <class name="com.telepacific.merrt.config.MFMFeedHandlerStatus" table="tbl_MFM_FEED_HANDLER_STATUS">
        <id name="feedID" column="FEED_ID" type="java.lang.Integer">
        </id>      
        <property name="mfmID" column="mfm_id" type="java.lang.Integer"/>
		<property name="isRunning" column="IS_RUNNING" type="java.lang.Boolean"/>
		<property name="status" column="STATUS" type="java.lang.String"/>
		<property name="errorCode" column="ERRORCODE_ID" type="java.lang.String"/>
    </class>
</hibernate-mapping>