<?xml version="1.0" encoding="UTF-8"?>
<!DOCTYPE hibernate-mapping PUBLIC "-//Hibernate/Hibernate Mapping DTD 3.0//EN" "http://hibernate.sourceforge.net/hibernate-mapping-3.0.dtd" >
<hibernate-mapping>
    <class name="com.telepacific.merrt.querymanager.query.Query" table="TBL_QUERY">
        <id name="queryID" column="QUERY_ID" type="java.lang.Integer">
            <generator class="increment"/>
        </id>
        <property name="owner" column="OWNER" type="java.lang.String"/>
        <property name="queryTypeID" column="QUERY_TYPE_ID" type="java.lang.Integer"/>
        <property name="queryName" column="QUERY_NAME" type="java.lang.String"/>
        <property name="queryDesc" column="QUERY_DESC" type="java.lang.String"/>
        <property name="dataTypeID" column="DATA_TYPE_ID" type="java.lang.Integer"/>
        <property name="autoRun" column="AUTO_RUN" type="java.lang.Boolean"/>
        <property name="publicQuery" column="PUBLIC_QUERY" type="java.lang.Boolean"/>
        <property name="runIndex" column="RUN_INDEX" type="java.lang.Integer"/>
        <property name="queryText" column="QUERY_TEXT" type="java.lang.String"/>
        <property name="outputTable" column="OUTPUT_TABLE" type="java.lang.String"/>
        <property name="dropBefore" column="DROP_BEFORE" type="java.lang.Boolean"/>
        <property name="dateActive" column="DATE_ACTIVE" type="java.util.Date"/>
        <property name="dateInactive" column="DATE_INACTIVE" type="java.util.Date"/>
        <property name="dateCreated" column="DATE_CREATED" type="java.util.Date"/>
        <property name="dateLastModified" column="DATE_LAST_MODIFIED" type="java.util.Date"/>
        <property name="lastModifiedBy" column="LAST_MODIFIED_BY" type="java.lang.String"/>
        <property name="dateFrom" column="DATE_FROM" type="java.util.Date"/>
        <property name="dateTo" column="DATE_TO" type="java.util.Date"/>

    </class>
</hibernate-mapping>
