<?xml version="1.0" encoding="UTF-8"?>
<!DOCTYPE hibernate-mapping PUBLIC "-//Hibernate/Hibernate Mapping DTD 3.0//EN" "http://hibernate.sourceforge.net/hibernate-mapping-3.0.dtd" >
<hibernate-mapping>
    <class name="com.telepacific.merrt.feedmanager.datatype.record.Record" table="TBL_RECORD">
        <id name="recordID" column="RECORD_ID" type="java.lang.Integer">
            <generator class="increment"/>
        </id>
        <property name="dataTypeID" column="DATA_TYPE_ID" type="java.lang.Integer"/>
        <property name="recordName" column="RECORD_NAME" type="java.lang.String"/>
        <property name="formatTypeID" column="FORMAT_TYPE_ID" type="java.lang.Integer"/>
        <property name="delimination" column="DELIMINATION" type="java.lang.String"/>
        <property name="dataModule" column="DATA_MODULE" type="java.lang.Boolean"/>
        <property name="description" column="DESCRIPTION" type="java.lang.String"/>
    </class>
</hibernate-mapping>
