<?xml version="1.0" encoding="UTF-8"?>
<!DOCTYPE hibernate-mapping PUBLIC "-//Hibernate/Hibernate Mapping DTD 3.0//EN" "http://hibernate.sourceforge.net/hibernate-mapping-3.0.dtd" >
<hibernate-mapping>
    <class name="com.telepacific.merrt.feedmanager.datatype.record.field.RecordField" table="TBL_RECORD_FIELD">
        <id name="recordFieldID" column="RECORD_FIELD_ID" type="java.lang.Integer">
            <generator class="increment"/>
        </id>
        <property name="recordID" column="RECORD_ID" type="java.lang.Integer"/>
        <property name="fieldName" column="FIELD_NAME" type="java.lang.String"/>
        <property name="start" column="START" type="java.lang.Integer"/>
        <property name="length" column="LENGTH" type="java.lang.Integer"/>
        <property name="mapFieldName" column="MAP_FIELD_NAME" type="java.lang.String"/>
        <property name="dataType" column="DATA_TYPE" type="java.lang.Integer"/>
        <property name="selectFieldName" column="SELECT_FIELD_NAME" type="java.lang.String"/>
    </class>
</hibernate-mapping>
