<?xml version="1.0" encoding="UTF-8"?>
<!DOCTYPE hibernate-mapping PUBLIC "-//Hibernate/Hibernate Mapping DTD 3.0//EN" "http://hibernate.sourceforge.net/hibernate-mapping-3.0.dtd" >
<hibernate-mapping>
    <class name="ccom.telepacific.merrt.feedmanager.tableindex.TableIndex" table="TBL_TABLE_INDEX">
        <id name="tableIndexID" column="TABLE_INDEX_ID" type="java.lang.Long">
            <generator class="increment"/>
        </id>
        <property name="dataFeedID" column="DATA_FEED_ID" type="java.lang.Integer"/>
        <property name="queryID" column="QUERY_ID" type="java.lang.Integer"/>
        <property name="usageDate" column="USAGE_DATE" type="java.util.Date"/>
        <property name="databaseName" column="DATABASE_NAME" type="java.lang.String"/>
        <property name="tableName" column="TABLE_NAME" type="java.lang.String"/>
        <property name="absoluteName" column="ABSOLUTE_NAME" type="java.lang.String"/>
        <property name="owner" column="OWNER" type="java.lang.String"/>
        <property name="records" column="RECORDS" type="java.lang.Long"/>
        <property name="billingMilliseconds" column="BILLING_MILLISECONDS" type="java.lang.Long"/>
        <property name="networkMilliseconds" column="NETWORK_MILLISECONDS" type="java.lang.Long"/>
        <property name="dateCreated" column="DATE_CREATED" type="java.util.Date"/>
        <property name="dateDataLastAdded" column="DATE_DATA_LAST_ADDED" type="java.util.Date"/>
        <property name="dateLastAnalyzed" column="DATE_LAST_ANALYZED" type="java.util.Date"/>
        <property name="pendingAnalysis" column="PENDING_ANALYSIS" type="java.lang.Boolean"/>
        <property name="deleteDate" column="DELETE_DATE" type="java.util.Date"/>
        <property name="tableExists" column="TABLE_EXISTS" type="java.lang.Boolean"/>

    </class>
</hibernate-mapping>
